Tanggal,Terakhir,Pembukaan,Tertinggi,Terendah,Perubahan%
02/11/2020,1.164,1.1658,1.1658,1.1622,-0.0006
30/10/2020,1.1647,1.1674,1.1705,1.1639,-0.0023
29/10/2020,1.1674,1.1746,1.176,1.165,-0.006
28/10/2020,1.1744,1.1796,1.1798,1.1717,-0.0043
27/10/2020,1.1795,1.181,1.1839,1.1793,-0.0011
26/10/2020,1.1808,1.1858,1.1861,1.1803,-0.0043
23/10/2020,1.1859,1.1819,1.1866,1.1787,0.0036
22/10/2020,1.1816,1.1862,1.1868,1.1811,-0.0038
21/10/2020,1.1861,1.1822,1.1882,1.1821,0.0034
20/10/2020,1.1821,1.1769,1.1841,1.176,0.0047
19/10/2020,1.1766,1.1722,1.1795,1.1703,0.0041
16/10/2020,1.1718,1.1708,1.1746,1.1694,0.001
15/10/2020,1.1706,1.1747,1.176,1.1688,-0.0034
14/10/2020,1.1746,1.1746,1.1772,1.1719,0.0002
13/10/2020,1.1744,1.1813,1.1817,1.1731,-0.0058
12/10/2020,1.1813,1.1819,1.1827,1.1786,-0.0009
09/10/2020,1.1824,1.1759,1.1832,1.1753,0.0056
08/10/2020,1.1758,1.1762,1.1782,1.1732,-0.0002
07/10/2020,1.176,1.1735,1.1783,1.1724,0.0022
06/10/2020,1.1734,1.1782,1.1809,1.1731,-0.004
05/10/2020,1.1781,1.1716,1.1798,1.1707,0.0058
02/10/2020,1.1713,1.1748,1.1751,1.1695,-0.0029
01/10/2020,1.1747,1.1719,1.177,1.1717,0.0025
30/09/2020,1.1718,1.1743,1.1756,1.1684,-0.002
29/09/2020,1.1742,1.1666,1.1746,1.166,0.0067
28/09/2020,1.1664,1.1638,1.1679,1.1615,0.0029
25/09/2020,1.163,1.1671,1.1686,1.1612,-0.0036
24/09/2020,1.1672,1.166,1.1688,1.1626,0.0011
23/09/2020,1.1659,1.1708,1.1719,1.1651,-0.004
22/09/2020,1.1706,1.177,1.1774,1.1691,-0.0054
21/09/2020,1.1769,1.1848,1.1873,1.1731,-0.0057
18/09/2020,1.1837,1.1848,1.1871,1.1826,-0.0008
17/09/2020,1.1847,1.1816,1.1854,1.1737,0.0028
16/09/2020,1.1814,1.185,1.1883,1.1787,-0.0026
15/09/2020,1.1845,1.1865,1.1901,1.1839,-0.0019
14/09/2020,1.1868,1.184,1.1889,1.183,0.0019
11/09/2020,1.1845,1.1814,1.1875,1.1812,0.0027
10/09/2020,1.1813,1.1801,1.1918,1.18,0.0009
09/09/2020,1.1802,1.1777,1.1834,1.1753,0.002
08/09/2020,1.1779,1.1817,1.1829,1.1765,-0.0032
07/09/2020,1.1817,1.1833,1.1849,1.1811,-0.0018
04/09/2020,1.1838,1.185,1.1866,1.1781,-0.0009
03/09/2020,1.1849,1.1852,1.1866,1.1789,-0.0003
02/09/2020,1.1853,1.1911,1.1931,1.1822,-0.0048
01/09/2020,1.191,1.1936,1.2012,1.1901,-0.0022
31/08/2020,1.1936,1.1899,1.1967,1.1883,0.0028
28/08/2020,1.1903,1.1822,1.192,1.181,0.0069
27/08/2020,1.1821,1.1831,1.1902,1.1762,-0.0007
26/08/2020,1.1829,1.1834,1.1841,1.1772,-0.0003
25/08/2020,1.1833,1.1793,1.1845,1.1783,0.0039
24/08/2020,1.1787,1.1787,1.1851,1.1783,-0.0007
21/08/2020,1.1795,1.186,1.1883,1.1754,-0.0054
20/08/2020,1.1859,1.1839,1.1869,1.1802,0.0019
19/08/2020,1.1836,1.1931,1.1954,1.183,-0.0078
18/08/2020,1.1929,1.187,1.1967,1.1865,0.0051
17/08/2020,1.1869,1.184,1.1882,1.1829,0.0024
14/08/2020,1.1841,1.1815,1.1852,1.1782,0.0025
13/08/2020,1.1812,1.1786,1.1865,1.1781,0.0025
12/08/2020,1.1782,1.174,1.1816,1.171,0.0037
11/08/2020,1.1739,1.1738,1.1808,1.1722,0.0003
10/08/2020,1.1736,1.1788,1.1803,1.1736,-0.0044
07/08/2020,1.1788,1.1877,1.1884,1.1755,-0.0075
06/08/2020,1.1876,1.1863,1.1917,1.1818,0.0011
05/08/2020,1.1863,1.1802,1.1906,1.1793,0.0052
04/08/2020,1.1802,1.1765,1.1807,1.172,0.0033
03/08/2020,1.1763,1.1783,1.1797,1.1696,-0.0011
31/07/2020,1.1776,1.1846,1.191,1.176,-0.006
30/07/2020,1.1847,1.1788,1.1849,1.1731,0.0047
29/07/2020,1.1792,1.1718,1.1807,1.1714,0.0065
28/07/2020,1.1716,1.1753,1.1774,1.1698,-0.003
27/07/2020,1.1752,1.1646,1.1782,1.1637,0.0082
24/07/2020,1.1656,1.1597,1.1659,1.158,0.0052
23/07/2020,1.1596,1.1575,1.1628,1.1539,0.0022
22/07/2020,1.157,1.1528,1.1602,1.1507,0.0037
21/07/2020,1.1528,1.1447,1.154,1.1422,0.0071
20/07/2020,1.1446,1.141,1.1468,1.1401,0.0016
17/07/2020,1.1428,1.1384,1.1444,1.1377,0.0039
16/07/2020,1.1384,1.1411,1.1443,1.137,-0.0024
15/07/2020,1.1411,1.14,1.1452,1.1391,0.0012
14/07/2020,1.1398,1.1343,1.1409,1.1324,0.0049
13/07/2020,1.1342,1.13,1.1375,1.1297,0.0037
10/07/2020,1.13,1.1285,1.1326,1.1255,0.0015
09/07/2020,1.1283,1.1329,1.1372,1.1279,-0.0041
08/07/2020,1.133,1.1273,1.1352,1.1262,0.0051
07/07/2020,1.1272,1.1308,1.1334,1.1258,-0.0033
06/07/2020,1.1309,1.1242,1.1346,1.124,0.0053
03/07/2020,1.1249,1.1239,1.1254,1.1219,0.0008
02/07/2020,1.124,1.1252,1.1303,1.1222,-0.0011
01/07/2020,1.1252,1.1233,1.1276,1.1185,0.0017
30/06/2020,1.1233,1.1242,1.1263,1.1191,-0.0008
29/06/2020,1.1242,1.1227,1.1289,1.1216,0.0021
26/06/2020,1.1219,1.1218,1.1241,1.1194,0.0001
25/06/2020,1.1218,1.1251,1.1261,1.119,-0.003
24/06/2020,1.1252,1.1308,1.1327,1.1248,-0.005
23/06/2020,1.1308,1.1259,1.135,1.1233,0.0043
22/06/2020,1.126,1.1185,1.1271,1.1168,0.0074
19/06/2020,1.1177,1.1205,1.1255,1.1168,-0.0024
18/06/2020,1.1204,1.1244,1.1264,1.1185,-0.0036
17/06/2020,1.1244,1.1264,1.1295,1.1207,-0.0017
16/06/2020,1.1264,1.1325,1.1353,1.1228,-0.0053
15/06/2020,1.1324,1.1245,1.1334,1.1226,0.006
12/06/2020,1.1256,1.1299,1.1341,1.1212,-0.0038
11/06/2020,1.1299,1.1373,1.1404,1.1287,-0.0063
10/06/2020,1.1371,1.134,1.1423,1.1322,0.0026
09/06/2020,1.1342,1.1297,1.1365,1.1241,0.0043
08/06/2020,1.1294,1.1289,1.1321,1.1267,0.0007
05/06/2020,1.1286,1.1337,1.1385,1.1278,-0.0046
04/06/2020,1.1338,1.1234,1.1363,1.1194,0.0093
03/06/2020,1.1234,1.1172,1.1257,1.1166,0.0056
02/06/2020,1.1171,1.1137,1.1197,1.1114,0.0032
01/06/2020,1.1135,1.1097,1.1155,1.1095,0.0032
29/05/2020,1.1099,1.1078,1.1146,1.107,0.0019
28/05/2020,1.1078,1.1005,1.1094,1.0991,0.0066
27/05/2020,1.1005,1.0983,1.1032,1.0934,0.0021
26/05/2020,1.0982,1.0899,1.0997,1.0891,0.0075
25/05/2020,1.09,1.0903,1.0915,1.087,-0.0002
22/05/2020,1.0902,1.0949,1.0961,1.0885,-0.0044
21/05/2020,1.095,1.0979,1.101,1.0936,-0.0026
20/05/2020,1.0979,1.0928,1.1,1.0918,0.0051
19/05/2020,1.0923,1.0913,1.0977,1.0901,0.0009
18/05/2020,1.0913,1.0816,1.0927,1.0799,0.009
15/05/2020,1.0816,1.0805,1.0851,1.0789,0.001
14/05/2020,1.0805,1.0819,1.0826,1.0775,-0.0012
13/05/2020,1.0818,1.0848,1.0897,1.0811,-0.0028
12/05/2020,1.0848,1.0807,1.0885,1.0784,0.0037
11/05/2020,1.0808,1.0838,1.0851,1.08,-0.003
08/05/2020,1.0841,1.0833,1.0876,1.0814,0.0006
07/05/2020,1.0834,1.0795,1.0835,1.0766,0.0036
06/05/2020,1.0795,1.0836,1.0848,1.0782,-0.0042
05/05/2020,1.084,1.0907,1.0927,1.0826,-0.0062
04/05/2020,1.0908,1.098,1.098,1.0895,-0.007
01/05/2020,1.0985,1.0956,1.1019,1.0934,0.0026
30/04/2020,1.0957,1.0872,1.0973,1.0833,0.0075
29/04/2020,1.0875,1.0819,1.0886,1.0818,0.0051
28/04/2020,1.082,1.0829,1.089,1.081,-0.0009
27/04/2020,1.083,1.0809,1.0862,1.0808,0.0008
24/04/2020,1.0821,1.0778,1.0831,1.0726,0.004
23/04/2020,1.0778,1.0824,1.0848,1.0755,-0.0042
22/04/2020,1.0823,1.0857,1.0886,1.0802,-0.0032
21/04/2020,1.0858,1.0862,1.0882,1.0816,-0.0005
20/04/2020,1.0863,1.0875,1.0898,1.0841,-0.0014
17/04/2020,1.0878,1.0835,1.0893,1.0812,0.0038
16/04/2020,1.0837,1.0911,1.0913,1.0817,-0.0066
15/04/2020,1.0909,1.098,1.0991,1.0856,-0.0066
14/04/2020,1.0981,1.0914,1.0988,1.0904,0.006
13/04/2020,1.0915,1.0941,1.0969,1.0892,-0.0019
10/04/2020,1.0936,1.093,1.0953,1.0919,0.0006
09/04/2020,1.0929,1.0857,1.0953,1.0841,0.0065
08/04/2020,1.0858,1.0891,1.0904,1.0829,-0.003
07/04/2020,1.0891,1.0793,1.0926,1.0783,0.0091
06/04/2020,1.0793,1.0813,1.0835,1.0768,-0.0015
03/04/2020,1.0809,1.0858,1.0865,1.0773,-0.0045
02/04/2020,1.0858,1.0964,1.097,1.082,-0.0097
01/04/2020,1.0964,1.1031,1.104,1.0903,-0.0061
31/03/2020,1.1031,1.1049,1.1056,1.0926,-0.0015
30/03/2020,1.1048,1.1136,1.1145,1.101,-0.0084
27/03/2020,1.1142,1.103,1.1148,1.0953,0.0102
26/03/2020,1.103,1.0881,1.1059,1.0869,0.0136
25/03/2020,1.0882,1.0789,1.0895,1.0761,0.0086
24/03/2020,1.0789,1.0726,1.0889,1.0722,0.0062
23/03/2020,1.0723,1.0696,1.0828,1.0637,0.0026
20/03/2020,1.0695,1.0691,1.0832,1.0637,0.0003
19/03/2020,1.0691,1.0915,1.0982,1.0654,-0.0205
18/03/2020,1.0915,1.0997,1.1046,1.0802,-0.0075
17/03/2020,1.0997,1.1183,1.119,1.0955,-0.0166
16/03/2020,1.1183,1.1085,1.1237,1.1046,0.0069
13/03/2020,1.1106,1.1185,1.1222,1.1054,-0.007
12/03/2020,1.1185,1.1269,1.1334,1.1055,-0.0075
11/03/2020,1.1269,1.128,1.1367,1.1257,-0.001
10/03/2020,1.128,1.1446,1.1459,1.1274,-0.0148
09/03/2020,1.1449,1.1292,1.1494,1.1284,0.0144
06/03/2020,1.1286,1.1238,1.1356,1.1212,0.004
05/03/2020,1.1241,1.1136,1.1245,1.1119,0.0094
04/03/2020,1.1136,1.1172,1.1187,1.1094,-0.0033
03/03/2020,1.1173,1.1133,1.1214,1.1095,0.0035
02/03/2020,1.1134,1.1003,1.1186,1.1003,0.0097
28/02/2020,1.1027,1.1001,1.1054,1.095,0.0024
27/02/2020,1.1,1.0881,1.1006,1.0878,0.0109
26/02/2020,1.0881,1.0881,1.091,1.0855,0
25/02/2020,1.0881,1.0854,1.0891,1.0829,0.0025
24/02/2020,1.0854,1.0841,1.0872,1.0805,0.0008
21/02/2020,1.0845,1.0785,1.0864,1.0783,0.0056
20/02/2020,1.0785,1.0806,1.0821,1.0776,-0.0019
19/02/2020,1.0806,1.0791,1.0812,1.0782,0.0013
18/02/2020,1.0792,1.0838,1.0839,1.0785,-0.004
17/02/2020,1.0835,1.0832,1.0852,1.0821,0.0003
14/02/2020,1.0832,1.0841,1.0862,1.0827,-0.0009
13/02/2020,1.0841,1.0874,1.089,1.0833,-0.0029
12/02/2020,1.0873,1.0916,1.0927,1.0864,-0.0039
11/02/2020,1.0916,1.0911,1.0926,1.0891,0.0005
10/02/2020,1.0911,1.0951,1.0958,1.0907,-0.0031
07/02/2020,1.0945,1.0983,1.0986,1.0941,-0.0032
06/02/2020,1.098,1.0999,1.1014,1.0964,-0.0017
05/02/2020,1.0999,1.1044,1.1049,1.0993,-0.0041
04/02/2020,1.1044,1.1059,1.1065,1.1033,-0.0014
03/02/2020,1.106,1.1092,1.1096,1.1035,-0.0031
31/01/2020,1.1094,1.1032,1.1097,1.1016,0.0056
30/01/2020,1.1032,1.101,1.104,1.1006,0.0019
29/01/2020,1.1011,1.1022,1.1028,1.0991,-0.001
28/01/2020,1.1022,1.1019,1.1026,1.0998,0.0004
27/01/2020,1.1018,1.1021,1.1039,1.1009,-0.0006
24/01/2020,1.1025,1.1055,1.1063,1.102,-0.0026
23/01/2020,1.1054,1.1092,1.1109,1.1036,-0.0035
22/01/2020,1.1093,1.1084,1.1099,1.107,0.0008
21/01/2020,1.1084,1.1095,1.1119,1.108,-0.001
20/01/2020,1.1095,1.1092,1.1104,1.1076,0.0005
17/01/2020,1.109,1.1136,1.1143,1.1085,-0.0042
16/01/2020,1.1137,1.1151,1.1173,1.1128,-0.0013
15/01/2020,1.1151,1.113,1.1164,1.1118,0.002
14/01/2020,1.1128,1.1135,1.1145,1.1104,-0.0006
13/01/2020,1.1135,1.1125,1.1148,1.1112,0.0012
10/01/2020,1.1122,1.1106,1.113,1.1085,0.0014
09/01/2020,1.1106,1.1106,1.1121,1.1092,0.0001
08/01/2020,1.1105,1.1154,1.1169,1.1101,-0.0043
07/01/2020,1.1153,1.1198,1.1198,1.1133,-0.0038
06/01/2020,1.1195,1.1168,1.1207,1.1155,0.0031
03/01/2020,1.116,1.1172,1.1181,1.1125,-0.0011
02/01/2020,1.1172,1.1212,1.1227,1.1163,-0.0036
01/01/2020,1.1212,1.1213,1.1223,1.1205,0
31/12/2019,1.1212,1.1198,1.124,1.1198,0.0012
30/12/2019,1.1199,1.1175,1.1223,1.117,0.002
27/12/2019,1.1177,1.1097,1.1188,1.1095,0.0071
26/12/2019,1.1098,1.1091,1.111,1.1082,0.0006
25/12/2019,1.1091,1.1089,1.1107,1.1073,0.0003
24/12/2019,1.1088,1.1089,1.1095,1.1069,0
23/12/2019,1.1088,1.1081,1.1097,1.1069,0.0008
20/12/2019,1.1079,1.1122,1.1127,1.1065,-0.0039
19/12/2019,1.1122,1.1113,1.1145,1.1107,0.0008
18/12/2019,1.1113,1.115,1.1156,1.111,-0.0033
17/12/2019,1.115,1.1143,1.1176,1.1128,0.0005
16/12/2019,1.1144,1.1122,1.1159,1.1122,0.0021
13/12/2019,1.1121,1.1129,1.12,1.1111,-0.0008
12/12/2019,1.113,1.113,1.1155,1.1102,0
11/12/2019,1.113,1.1092,1.1145,1.107,0.0033
10/12/2019,1.1093,1.1063,1.1099,1.1062,0.0026
09/12/2019,1.1064,1.1055,1.1079,1.1052,0.0005
06/12/2019,1.1059,1.1105,1.1111,1.104,-0.0041
05/12/2019,1.1104,1.1079,1.1109,1.1077,0.0023
04/12/2019,1.1078,1.1082,1.1116,1.1066,-0.0005
03/12/2019,1.1083,1.1078,1.1094,1.1065,0.0004
02/12/2019,1.1079,1.1014,1.109,1.1003,0.0056
29/11/2019,1.1017,1.1008,1.1029,1.098,0.0007
28/11/2019,1.1009,1.0999,1.1019,1.0999,0.0009
27/11/2019,1.0999,1.102,1.1026,1.0991,-0.0019
26/11/2019,1.102,1.1014,1.1027,1.1006,0.0005
25/11/2019,1.1014,1.1024,1.1033,1.1004,-0.0009
22/11/2019,1.1024,1.1058,1.1086,1.1014,-0.0032
21/11/2019,1.1059,1.1074,1.1098,1.1051,-0.0013
20/11/2019,1.1073,1.1078,1.1083,1.1053,-0.0005
19/11/2019,1.1079,1.1072,1.1085,1.1062,0.0006
18/11/2019,1.1072,1.1052,1.1091,1.1048,0.0018
15/11/2019,1.1052,1.1021,1.1058,1.1014,0.0026
14/11/2019,1.1023,1.1006,1.1028,1.0989,0.0015
13/11/2019,1.1007,1.101,1.1021,1.0994,-0.0002
12/11/2019,1.1009,1.1033,1.104,1.1002,-0.0022
11/11/2019,1.1033,1.1022,1.1044,1.1016,0.0014
08/11/2019,1.1018,1.105,1.1056,1.1016,-0.0029
07/11/2019,1.1049,1.1066,1.1092,1.1035,-0.0016
06/11/2019,1.1067,1.1075,1.1094,1.1064,-0.0007
05/11/2019,1.1075,1.1128,1.1141,1.1063,-0.0048
04/11/2019,1.1128,1.1165,1.1176,1.1124,-0.0035
01/11/2019,1.1167,1.1152,1.1172,1.1128,0.0013
31/10/2019,1.1152,1.1151,1.1176,1.113,0.0002
30/10/2019,1.115,1.1112,1.1152,1.1079,0.0034
29/10/2019,1.1112,1.1099,1.112,1.1073,0.0011
28/10/2019,1.11,1.1082,1.1108,1.1076,0.0018
25/10/2019,1.108,1.1104,1.1123,1.1072,-0.0022
24/10/2019,1.1105,1.1131,1.1164,1.1092,-0.0023
23/10/2019,1.113,1.1125,1.1141,1.1106,0.0005
22/10/2019,1.1125,1.115,1.1158,1.1118,-0.0022
21/10/2019,1.1149,1.1143,1.118,1.1137,-0.002
18/10/2019,1.1171,1.1125,1.1173,1.1114,0.0042
17/10/2019,1.1124,1.1072,1.1141,1.1064,0.0047
16/10/2019,1.1072,1.1033,1.1086,1.1021,0.0035
15/10/2019,1.1033,1.1028,1.1047,1.0991,0.0004
14/10/2019,1.1029,1.1044,1.105,1.1013,-0.0012
11/10/2019,1.1042,1.1006,1.1063,1.1,0.0033
10/10/2019,1.1006,1.0971,1.1035,1.097,0.0032
09/10/2019,1.0971,1.0956,1.0991,1.0951,0.0014
08/10/2019,1.0956,1.0971,1.0997,1.0941,-0.0014
07/10/2019,1.0971,1.0976,1.1001,1.0962,-0.0006
04/10/2019,1.0978,1.0963,1.0999,1.0956,0.0011
03/10/2019,1.0966,1.0959,1.1,1.0941,0.0006
02/10/2019,1.0959,1.0933,1.0964,1.0904,0.0025
01/10/2019,1.0932,1.09,1.0943,1.0878,0.0029
30/09/2019,1.09,1.094,1.0948,1.0884,-0.0036
27/09/2019,1.0939,1.0921,1.096,1.0905,0.0016
26/09/2019,1.0922,1.0942,1.0969,1.0908,-0.0019
25/09/2019,1.0943,1.102,1.1025,1.0937,-0.007
24/09/2019,1.102,1.0994,1.1025,1.0983,0.0025
23/09/2019,1.0993,1.1016,1.1027,1.0965,-0.0023
20/09/2019,1.1018,1.1042,1.1069,1.0996,-0.0021
19/09/2019,1.1041,1.103,1.1075,1.1022,0.001
18/09/2019,1.103,1.1073,1.1077,1.1013,-0.0039
17/09/2019,1.1073,1.1,1.1076,1.099,0.0065
16/09/2019,1.1002,1.1087,1.1093,1.0993,-0.0066
13/09/2019,1.1075,1.1063,1.111,1.1055,0.0011
12/09/2019,1.1063,1.1011,1.1087,1.0927,0.0048
11/09/2019,1.101,1.1044,1.1056,1.0984,-0.003
10/09/2019,1.1043,1.1047,1.1061,1.103,-0.0004
09/09/2019,1.1048,1.1024,1.1069,1.1015,0.0017
06/09/2019,1.1029,1.1034,1.1057,1.102,-0.0005
05/09/2019,1.1035,1.1037,1.1085,1.1016,0
04/09/2019,1.1034,1.0974,1.1039,1.0968,0.0055
03/09/2019,1.0974,1.097,1.0979,1.0926,0.0005
02/09/2019,1.0968,1.0989,1.1,1.0957,-0.0021
30/08/2019,1.0991,1.1056,1.1062,1.0963,-0.006
29/08/2019,1.1057,1.1077,1.1092,1.1042,-0.0019
28/08/2019,1.1078,1.1091,1.1099,1.1072,-0.0012
27/08/2019,1.1091,1.1103,1.1116,1.1085,-0.001
26/08/2019,1.1102,1.1145,1.1166,1.1093,-0.0038
23/08/2019,1.1144,1.1079,1.1154,1.1051,0.0059
22/08/2019,1.1079,1.1085,1.1114,1.1063,-0.0005
21/08/2019,1.1085,1.11,1.1108,1.108,-0.0014
20/08/2019,1.11,1.1079,1.1107,1.1065,0.002
19/08/2019,1.1078,1.1092,1.1114,1.1076,-0.0011
16/08/2019,1.109,1.1107,1.1114,1.1066,-0.0015
15/08/2019,1.1107,1.1139,1.1159,1.1091,-0.0029
14/08/2019,1.1139,1.1171,1.1192,1.113,-0.0028
13/08/2019,1.1171,1.1214,1.1229,1.117,-0.0039
12/08/2019,1.1214,1.1204,1.1231,1.1162,0.0012
09/08/2019,1.12,1.118,1.1223,1.1179,0.0018
08/08/2019,1.118,1.1199,1.1233,1.1177,-0.0017
07/08/2019,1.1199,1.1199,1.1243,1.1179,-0.0001
06/08/2019,1.12,1.1203,1.125,1.1168,-0.0002
05/08/2019,1.1202,1.1103,1.1214,1.1103,0.0084
02/08/2019,1.1109,1.1085,1.1118,1.107,0.0022
01/08/2019,1.1085,1.1076,1.1096,1.1027,0.0009
31/07/2019,1.1076,1.1155,1.1163,1.1059,-0.0071
30/07/2019,1.1155,1.1144,1.1162,1.1132,0.0009
29/07/2019,1.1144,1.1127,1.1151,1.1113,0.0016
26/07/2019,1.1127,1.1147,1.1151,1.1112,-0.0018
25/07/2019,1.1147,1.1141,1.1188,1.1101,0.0005
24/07/2019,1.1141,1.1152,1.1159,1.1127,-0.0011
23/07/2019,1.1153,1.121,1.1211,1.1145,-0.0051
22/07/2019,1.121,1.1218,1.1226,1.1206,-0.0011
19/07/2019,1.1222,1.1277,1.1283,1.1203,-0.0049
18/07/2019,1.1277,1.1224,1.1281,1.1205,0.0047
17/07/2019,1.1224,1.1211,1.1235,1.12,0.0012
16/07/2019,1.1211,1.1257,1.1264,1.1201,-0.0042
15/07/2019,1.1258,1.1269,1.1285,1.1252,-0.0012
12/07/2019,1.1271,1.1254,1.1276,1.1237,0.0015
11/07/2019,1.1254,1.1251,1.1286,1.1244,0.0003
10/07/2019,1.1251,1.1208,1.1264,1.1201,0.0038
09/07/2019,1.1208,1.1215,1.122,1.1193,-0.0006
08/07/2019,1.1214,1.1223,1.1235,1.1207,-0.001
05/07/2019,1.1226,1.1285,1.1288,1.1207,-0.0052
04/07/2019,1.1285,1.1278,1.1296,1.1272,0.0006
03/07/2019,1.1278,1.1285,1.1312,1.1268,-0.0006
02/07/2019,1.1285,1.1286,1.1321,1.1274,0
01/07/2019,1.1286,1.1376,1.1376,1.128,-0.0074
28/06/2019,1.137,1.1371,1.1395,1.1351,0
27/06/2019,1.137,1.1369,1.1383,1.1348,0.0001
26/06/2019,1.1369,1.1365,1.1392,1.1347,0.0002
25/06/2019,1.1367,1.14,1.1414,1.1344,-0.0027
24/06/2019,1.1398,1.1361,1.1405,1.1361,0.0026
21/06/2019,1.1368,1.1292,1.1379,1.1283,0.0067
20/06/2019,1.1292,1.1225,1.1318,1.1225,0.0059
19/06/2019,1.1226,1.1193,1.1254,1.1187,0.0029
18/06/2019,1.1193,1.1219,1.1244,1.1181,-0.0022
17/06/2019,1.1218,1.1215,1.1247,1.1203,0.0008
14/06/2019,1.1209,1.1282,1.1291,1.1202,-0.006
13/06/2019,1.1277,1.1287,1.1305,1.1268,-0.0011
12/06/2019,1.1289,1.1326,1.1345,1.1282,-0.0038
11/06/2019,1.1332,1.1313,1.134,1.1302,0.0015
10/06/2019,1.1315,1.1324,1.1333,1.1291,-0.0016
07/06/2019,1.1333,1.1276,1.1349,1.1251,0.0051
06/06/2019,1.1276,1.1229,1.131,1.1214,0.0049
05/06/2019,1.1221,1.1251,1.1308,1.1219,-0.0028
04/06/2019,1.1252,1.1241,1.1278,1.1226,0.001
03/06/2019,1.1241,1.1168,1.1263,1.1155,0.0064
31/05/2019,1.1169,1.1134,1.1181,1.1125,0.0034
30/05/2019,1.1131,1.113,1.1144,1.1115,0
29/05/2019,1.1131,1.1162,1.1175,1.1124,-0.0026
28/05/2019,1.116,1.1198,1.1202,1.1158,-0.0035
27/05/2019,1.1199,1.1197,1.1218,1.1186,-0.0004
24/05/2019,1.1204,1.1183,1.1215,1.1175,0.0021
23/05/2019,1.118,1.115,1.1187,1.1106,0.0024
22/05/2019,1.1153,1.1166,1.118,1.1145,-0.0006
21/05/2019,1.116,1.1171,1.1189,1.1142,-0.001
20/05/2019,1.1171,1.1158,1.1177,1.1148,0.0012
17/05/2019,1.1158,1.1176,1.1186,1.1155,-0.0014
16/05/2019,1.1174,1.1202,1.1227,1.1166,-0.0025
15/05/2019,1.1202,1.1205,1.1226,1.1177,-0.0002
14/05/2019,1.1204,1.1224,1.1247,1.12,-0.0018
13/05/2019,1.1224,1.1241,1.1266,1.1221,-0.001
10/05/2019,1.1235,1.1215,1.1255,1.1214,0.0012
09/05/2019,1.1222,1.1194,1.1254,1.1174,0.0027
08/05/2019,1.1192,1.1189,1.1215,1.1181,0.0001
07/05/2019,1.1191,1.1198,1.1222,1.1165,-0.0008
06/05/2019,1.12,1.1173,1.1212,1.116,-0.0002
03/05/2019,1.1202,1.1178,1.1208,1.1135,0.0021
02/05/2019,1.1179,1.1202,1.1221,1.1172,-0.0015
01/05/2019,1.1196,1.1215,1.1267,1.1188,-0.0019
30/04/2019,1.1217,1.1185,1.1232,1.1176,0.0028
29/04/2019,1.1186,1.1153,1.1191,1.114,0.0033
26/04/2019,1.1149,1.113,1.1175,1.1111,0.0015
25/04/2019,1.1132,1.116,1.1164,1.1118,-0.002
24/04/2019,1.1154,1.1229,1.1233,1.1141,-0.0065
23/04/2019,1.1227,1.1259,1.1264,1.1192,-0.0028
22/04/2019,1.1258,1.1246,1.1265,1.1237,0.0009
19/04/2019,1.1248,1.124,1.1255,1.1229,0.0015
18/04/2019,1.1231,1.1297,1.1307,1.1226,-0.0058
17/04/2019,1.1297,1.1282,1.1326,1.128,0.0014
16/04/2019,1.1281,1.1304,1.1315,1.1279,-0.0025
15/04/2019,1.1309,1.13,1.1323,1.1296,0.0006
12/04/2019,1.1302,1.1255,1.1327,1.1253,0.0044
11/04/2019,1.1253,1.1274,1.1293,1.1249,-0.0019
10/04/2019,1.1274,1.1261,1.1286,1.1228,0.001
09/04/2019,1.1263,1.1272,1.1287,1.1255,0.0002
08/04/2019,1.1261,1.1218,1.1277,1.1213,0.004
05/04/2019,1.1216,1.1223,1.1246,1.121,-0.0004
04/04/2019,1.1221,1.1233,1.1249,1.1205,-0.0012
03/04/2019,1.1235,1.1204,1.1256,1.12,0.0028
02/04/2019,1.1204,1.1217,1.122,1.1183,-0.0008
01/04/2019,1.1213,1.1217,1.125,1.1202,-0.0004
29/03/2019,1.1218,1.122,1.1248,1.1208,-0.0004
28/03/2019,1.1222,1.1244,1.1264,1.1214,-0.0022
27/03/2019,1.1247,1.1266,1.1286,1.124,-0.0017
26/03/2019,1.1266,1.1313,1.1329,1.1263,-0.0042
25/03/2019,1.1313,1.1294,1.1334,1.1284,-0.0001
22/03/2019,1.1314,1.1376,1.1393,1.1272,-0.0054
21/03/2019,1.1375,1.1413,1.144,1.1342,-0.0034
20/03/2019,1.1414,1.1352,1.145,1.1336,0.0055
19/03/2019,1.1352,1.1338,1.1364,1.1334,0.0013
18/03/2019,1.1337,1.1322,1.136,1.1316,0.0011
15/03/2019,1.1325,1.1304,1.1345,1.1295,0.0019
14/03/2019,1.1304,1.133,1.1343,1.1294,-0.002
13/03/2019,1.1327,1.1288,1.1341,1.1277,0.0035
12/03/2019,1.1288,1.1249,1.1309,1.1244,0.0035
11/03/2019,1.1249,1.124,1.126,1.1222,0.0008
08/03/2019,1.124,1.1194,1.1248,1.1185,0.0041
07/03/2019,1.1194,1.1306,1.1322,1.1176,-0.01
06/03/2019,1.1307,1.1313,1.1328,1.1286,-0.0001
05/03/2019,1.1308,1.1339,1.1353,1.129,-0.0028
04/03/2019,1.134,1.138,1.1398,1.1309,-0.0033
01/03/2019,1.1377,1.1372,1.141,1.1353,0.0005
28/02/2019,1.1371,1.1371,1.1421,1.1357,0.0002
27/02/2019,1.1369,1.1396,1.1404,1.136,-0.0016
26/02/2019,1.1387,1.1366,1.1404,1.1343,0.0025
25/02/2019,1.1359,1.1338,1.1369,1.1323,0.0014
22/02/2019,1.1343,1.1337,1.136,1.1315,0.0006
21/02/2019,1.1336,1.1338,1.1368,1.132,-0.0001
20/02/2019,1.1337,1.1342,1.1374,1.1324,-0.0004
19/02/2019,1.1341,1.131,1.1358,1.1274,0.0027
18/02/2019,1.1311,1.1288,1.1337,1.1284,0.0014
15/02/2019,1.1295,1.1295,1.1313,1.1233,-0.0005
14/02/2019,1.1301,1.1262,1.1313,1.1247,0.003
13/02/2019,1.1267,1.1326,1.1346,1.126,-0.0051
12/02/2019,1.1325,1.128,1.1342,1.1256,0.0043
11/02/2019,1.1276,1.1328,1.1331,1.1264,-0.0048
08/02/2019,1.133,1.1346,1.1355,1.132,-0.001
07/02/2019,1.1341,1.136,1.1375,1.1322,-0.0018
06/02/2019,1.1362,1.1406,1.142,1.1359,-0.0046
05/02/2019,1.1415,1.1442,1.1456,1.14,-0.002
04/02/2019,1.1438,1.1457,1.1467,1.1421,-0.0016
01/02/2019,1.1456,1.1447,1.149,1.1433,0.0009
31/01/2019,1.1446,1.148,1.1517,1.1434,-0.0029
30/01/2019,1.1479,1.1433,1.1503,1.1404,0.0041
29/01/2019,1.1432,1.1428,1.1453,1.141,-0.0002
28/01/2019,1.1434,1.1404,1.1445,1.1388,0.0017
25/01/2019,1.1415,1.1306,1.1421,1.1298,0.0096
24/01/2019,1.1306,1.138,1.1398,1.1287,-0.0066
23/01/2019,1.1381,1.1358,1.1397,1.1348,0.0019
22/01/2019,1.1359,1.1365,1.1386,1.1334,-0.0006
21/01/2019,1.1366,1.1371,1.1409,1.1355,0.0003
18/01/2019,1.1363,1.1389,1.1413,1.1352,-0.0031
17/01/2019,1.1398,1.1396,1.141,1.1369,-0.0002
16/01/2019,1.14,1.1414,1.1429,1.1377,-0.0015
15/01/2019,1.1417,1.1473,1.1494,1.1381,-0.0052
14/01/2019,1.1477,1.1471,1.1485,1.144,0.0007
11/01/2019,1.1469,1.1499,1.1542,1.1457,-0.0027
10/01/2019,1.15,1.1542,1.1572,1.1485,-0.0037
09/01/2019,1.1543,1.1444,1.1556,1.1435,0.0088
08/01/2019,1.1442,1.1476,1.1487,1.1422,-0.003
07/01/2019,1.1476,1.1392,1.1485,1.1392,0.0071
04/01/2019,1.1395,1.1393,1.1422,1.1345,0.0001
03/01/2019,1.1394,1.1345,1.1413,1.1309,0.0045
02/01/2019,1.1343,1.1464,1.1499,1.1325,-0.0106
01/01/2019,1.1464,1.1466,1.1481,1.1425,-0.0005
31/12/2018,1.147,1.1443,1.147,1.1421,0.0028
28/12/2018,1.1438,1.1429,1.1478,1.1424,0.0007
27/12/2018,1.143,1.1353,1.1457,1.1349,0.0068
26/12/2018,1.1353,1.1363,1.1423,1.1342,-0.0008
25/12/2018,1.1362,1.14,1.1429,1.1361,-0.0033
24/12/2018,1.14,1.137,1.1439,1.135,0.0027
21/12/2018,1.1369,1.1447,1.1477,1.1353,-0.0067
20/12/2018,1.1446,1.1377,1.1487,1.1371,0.0061
19/12/2018,1.1377,1.1361,1.1442,1.136,0.0014
18/12/2018,1.1361,1.1346,1.1402,1.1336,0.0012
17/12/2018,1.1347,1.1308,1.136,1.1299,0.0034
14/12/2018,1.1309,1.1362,1.1374,1.1268,-0.0048
13/12/2018,1.1363,1.1369,1.1396,1.133,-0.0004
12/12/2018,1.1368,1.1317,1.1388,1.1312,0.0046
11/12/2018,1.1316,1.1361,1.1402,1.1304,-0.0035
10/12/2018,1.1356,1.1401,1.1444,1.1349,-0.0019
07/12/2018,1.1378,1.1377,1.1425,1.1359,0.0002
06/12/2018,1.1376,1.1345,1.1414,1.1321,0.0028
05/12/2018,1.1344,1.1342,1.1361,1.1309,-0.0001
04/12/2018,1.1345,1.1354,1.1421,1.1318,-0.0008
03/12/2018,1.1354,1.1315,1.1382,1.1315,0.0033
30/11/2018,1.1317,1.1395,1.1402,1.1304,-0.0067
29/11/2018,1.1393,1.1367,1.1403,1.1348,0.0024
28/11/2018,1.1366,1.1291,1.1387,1.1264,0.0069
27/11/2018,1.1288,1.1326,1.1344,1.1276,-0.0035
26/11/2018,1.1328,1.1343,1.1385,1.1323,-0.0011
23/11/2018,1.1341,1.1403,1.1422,1.1325,-0.0059
22/11/2018,1.1408,1.1382,1.1434,1.1378,0.002
21/11/2018,1.1385,1.1371,1.1426,1.1363,0.0012
20/11/2018,1.1371,1.1453,1.1473,1.1357,-0.0072
19/11/2018,1.1453,1.1403,1.1467,1.1393,0.0029
16/11/2018,1.142,1.133,1.1423,1.132,0.0081
15/11/2018,1.1328,1.1309,1.1364,1.1271,0.0016
14/11/2018,1.131,1.129,1.1349,1.1262,0.0017
13/11/2018,1.1291,1.1219,1.1296,1.1216,0.0065
12/11/2018,1.1218,1.1331,1.1333,1.1214,-0.0104
09/11/2018,1.1336,1.1364,1.1371,1.1315,-0.0024
08/11/2018,1.1363,1.1425,1.1448,1.1352,-0.0055
07/11/2018,1.1426,1.1427,1.1502,1.1395,-0.0001
06/11/2018,1.1427,1.1406,1.144,1.1389,0.0018
05/11/2018,1.1407,1.1391,1.1425,1.1356,0.0018
02/11/2018,1.1387,1.1408,1.1458,1.1372,-0.0019
01/11/2018,1.1409,1.1311,1.1426,1.1306,0.0086
31/10/2018,1.1312,1.1345,1.1363,1.1301,-0.0028
30/10/2018,1.1344,1.1372,1.1387,1.1338,-0.0025
29/10/2018,1.1373,1.1408,1.1418,1.1361,-0.0026
26/10/2018,1.1403,1.1376,1.1422,1.1334,0.0024
25/10/2018,1.1376,1.1392,1.1434,1.1355,-0.0014
24/10/2018,1.1392,1.147,1.1477,1.1378,-0.0069
23/10/2018,1.1471,1.1466,1.1495,1.1438,0.0005
22/10/2018,1.1465,1.1507,1.1552,1.1455,-0.0043
19/10/2018,1.1515,1.1451,1.1536,1.1433,0.0054
18/10/2018,1.1453,1.15,1.1528,1.1448,-0.0042
17/10/2018,1.1501,1.1575,1.1585,1.1495,-0.0064
16/10/2018,1.1575,1.158,1.1623,1.1564,-0.0003
15/10/2018,1.1579,1.1559,1.1608,1.1537,0.0014
12/10/2018,1.1563,1.1592,1.1611,1.1534,-0.0027
11/10/2018,1.1594,1.1519,1.16,1.1517,0.0064
10/10/2018,1.152,1.1491,1.1547,1.1479,0.0026
09/10/2018,1.149,1.1491,1.1504,1.143,-0.0002
08/10/2018,1.1492,1.152,1.1536,1.1459,-0.0028
05/10/2018,1.1524,1.1513,1.155,1.1483,0.0008
04/10/2018,1.1515,1.1478,1.1543,1.1464,0.0032
03/10/2018,1.1478,1.1548,1.1595,1.1465,-0.0061
02/10/2018,1.1548,1.1578,1.1582,1.1506,-0.0026
01/10/2018,1.1578,1.1609,1.163,1.1563,-0.0027
28/09/2018,1.1609,1.1641,1.1652,1.1567,-0.0027
27/09/2018,1.1641,1.174,1.1759,1.1637,-0.0084
26/09/2018,1.174,1.1767,1.1799,1.1726,-0.0027
25/09/2018,1.1772,1.1748,1.1793,1.173,0.002
24/09/2018,1.1748,1.1751,1.1817,1.1723,-0.0002
21/09/2018,1.175,1.1776,1.1804,1.1731,-0.0023
20/09/2018,1.1777,1.1671,1.1786,1.1665,0.0089
19/09/2018,1.1673,1.1667,1.1716,1.1648,0.0005
18/09/2018,1.1667,1.1684,1.1726,1.1651,-0.0014
17/09/2018,1.1683,1.1623,1.1699,1.1617,0.0046
14/09/2018,1.163,1.169,1.1724,1.1619,-0.0051
13/09/2018,1.169,1.1627,1.1703,1.1608,0.0055
12/09/2018,1.1626,1.1604,1.1651,1.157,0.0016
11/09/2018,1.1607,1.1594,1.1645,1.1565,0.0011
10/09/2018,1.1594,1.156,1.1617,1.1526,0.0035
07/09/2018,1.1553,1.1624,1.1651,1.155,-0.0059
06/09/2018,1.1622,1.1629,1.166,1.1603,-0.0006
05/09/2018,1.1629,1.1581,1.164,1.1542,0.0041
04/09/2018,1.1582,1.1623,1.1629,1.1528,-0.0036
03/09/2018,1.1624,1.1596,1.1629,1.1583,0.002
31/08/2018,1.1601,1.1671,1.1692,1.1585,-0.006
30/08/2018,1.1671,1.1707,1.172,1.1641,-0.0032
29/08/2018,1.1708,1.1695,1.1712,1.1652,0.0011
28/08/2018,1.1695,1.1678,1.1735,1.1662,0.0015
27/08/2018,1.1678,1.1631,1.1694,1.1592,0.0047
24/08/2018,1.1623,1.154,1.1641,1.1533,0.0073
23/08/2018,1.1539,1.1596,1.1601,1.153,-0.005
22/08/2018,1.1597,1.157,1.1624,1.1551,0.0022
21/08/2018,1.1571,1.1482,1.1602,1.1479,0.0078
20/08/2018,1.1481,1.1442,1.1486,1.1394,0.0037
17/08/2018,1.1439,1.1377,1.1447,1.1365,0.0054
16/08/2018,1.1377,1.1345,1.1411,1.1335,0.0028
15/08/2018,1.1345,1.1344,1.1357,1.1299,0.0001
14/08/2018,1.1344,1.141,1.1431,1.133,-0.0057
13/08/2018,1.1409,1.1389,1.1434,1.1364,-0.0002
10/08/2018,1.1411,1.1526,1.1537,1.1384,-0.0101
09/08/2018,1.1527,1.1609,1.162,1.1525,-0.0072
08/08/2018,1.1611,1.1598,1.1629,1.1571,0.001
07/08/2018,1.1599,1.1555,1.161,1.1547,0.0039
06/08/2018,1.1554,1.1571,1.1574,1.1527,-0.0011
03/08/2018,1.1567,1.1583,1.1611,1.1559,-0.0015
02/08/2018,1.1584,1.166,1.1669,1.1582,-0.0065
01/08/2018,1.166,1.1691,1.1701,1.1656,-0.0027
31/07/2018,1.1691,1.1706,1.1745,1.1682,-0.0013
30/07/2018,1.1706,1.166,1.1721,1.1648,0.0041
27/07/2018,1.1658,1.1643,1.1665,1.1621,0.0013
26/07/2018,1.1643,1.1728,1.1744,1.1639,-0.0072
25/07/2018,1.1728,1.1684,1.1739,1.1663,0.0036
24/07/2018,1.1686,1.1692,1.1719,1.1654,-0.0005
23/07/2018,1.1692,1.173,1.1752,1.1682,-0.0024
20/07/2018,1.172,1.1644,1.174,1.1626,0.0066
19/07/2018,1.1643,1.1639,1.168,1.1574,0.0003
18/07/2018,1.1639,1.166,1.1665,1.1601,-0.0019
17/07/2018,1.1661,1.1711,1.1746,1.165,-0.0042
16/07/2018,1.171,1.1676,1.1726,1.1674,0.0021
13/07/2018,1.1685,1.1669,1.1688,1.161,0.0011
12/07/2018,1.1672,1.1674,1.1697,1.1648,-0.0002
11/07/2018,1.1674,1.1745,1.176,1.1665,-0.006
10/07/2018,1.1744,1.1751,1.1764,1.169,-0.0006
09/07/2018,1.1751,1.1748,1.1792,1.1731,0.0003
06/07/2018,1.1747,1.169,1.1769,1.1679,0.0048
05/07/2018,1.1691,1.1655,1.1722,1.1649,0.003
04/07/2018,1.1656,1.1658,1.1684,1.1629,-0.0001
03/07/2018,1.1657,1.1641,1.1675,1.1621,0.0014
02/07/2018,1.1641,1.1651,1.1699,1.159,-0.0038
29/06/2018,1.1685,1.1569,1.1692,1.1558,0.01
28/06/2018,1.1569,1.1555,1.1602,1.1527,0.0013
27/06/2018,1.1554,1.1647,1.1674,1.1541,-0.008
26/06/2018,1.1647,1.1704,1.1722,1.1635,-0.0049
25/06/2018,1.1704,1.1659,1.1715,1.1627,0.004
22/06/2018,1.1657,1.1604,1.1677,1.16,0.0047
21/06/2018,1.1603,1.1572,1.1635,1.1509,0.0027
20/06/2018,1.1572,1.159,1.1602,1.1537,-0.0016
19/06/2018,1.159,1.1624,1.1646,1.153,-0.0028
18/06/2018,1.1623,1.1609,1.1625,1.1563,0.0012
15/06/2018,1.1609,1.1568,1.1629,1.1543,0.0035
14/06/2018,1.1569,1.1791,1.1853,1.1562,-0.0188
13/06/2018,1.1791,1.1745,1.1803,1.1725,0.0039
12/06/2018,1.1745,1.1784,1.1811,1.1733,-0.0033
11/06/2018,1.1784,1.1766,1.1822,1.1754,0.0014
08/06/2018,1.1768,1.18,1.1812,1.1726,-0.0026
07/06/2018,1.1799,1.1774,1.1842,1.1772,0.0022
06/06/2018,1.1773,1.1717,1.1797,1.1708,0.0047
05/06/2018,1.1718,1.1698,1.1733,1.1652,0.0016
04/06/2018,1.1699,1.1656,1.1744,1.1652,0.0033
01/06/2018,1.1661,1.1691,1.1718,1.1617,-0.0027
31/05/2018,1.1692,1.1665,1.1726,1.1641,0.0025
30/05/2018,1.1663,1.154,1.1678,1.1518,0.0107
29/05/2018,1.154,1.1625,1.1641,1.1508,-0.0071
28/05/2018,1.1623,1.1651,1.1729,1.1605,-0.0025
25/05/2018,1.1652,1.172,1.1735,1.1645,-0.0058
24/05/2018,1.172,1.1695,1.175,1.1688,0.002
23/05/2018,1.1697,1.1778,1.179,1.1675,-0.007
22/05/2018,1.1779,1.1792,1.183,1.1754,-0.001
21/05/2018,1.1791,1.1764,1.1797,1.1717,0.0011
18/05/2018,1.1778,1.1796,1.1825,1.1749,-0.0014
17/05/2018,1.1795,1.1808,1.1839,1.1775,-0.001
16/05/2018,1.1807,1.1837,1.1854,1.1762,-0.0026
15/05/2018,1.1838,1.1925,1.1939,1.1817,-0.0075
14/05/2018,1.1927,1.1947,1.1998,1.1926,-0.0014
11/05/2018,1.1944,1.1917,1.197,1.1891,0.0024
10/05/2018,1.1915,1.1852,1.1948,1.1843,0.0055
09/05/2018,1.185,1.1863,1.1898,1.1822,-0.0012
08/05/2018,1.1864,1.1924,1.1941,1.1838,-0.0049
07/05/2018,1.1922,1.1953,1.198,1.1898,-0.0032
04/05/2018,1.196,1.1989,1.1997,1.1911,-0.0023
03/05/2018,1.1988,1.1951,1.2009,1.1946,0.0031
02/05/2018,1.1951,1.1992,1.2033,1.1938,-0.0035
01/05/2018,1.1993,1.2076,1.2086,1.1981,-0.0071
30/04/2018,1.2079,1.2125,1.2141,1.2064,-0.0042
27/04/2018,1.213,1.2105,1.2135,1.2055,0.0022
26/04/2018,1.2103,1.2161,1.2211,1.2096,-0.0048
25/04/2018,1.2161,1.2232,1.224,1.216,-0.0058
24/04/2018,1.2232,1.2209,1.2247,1.2182,0.0019
23/04/2018,1.2209,1.2289,1.2292,1.2198,-0.0064
20/04/2018,1.2288,1.2346,1.2354,1.225,-0.0047
19/04/2018,1.2346,1.2373,1.2402,1.2329,-0.0022
18/04/2018,1.2373,1.2369,1.2398,1.2343,0.0002
17/04/2018,1.237,1.2378,1.2413,1.2335,-0.0008
16/04/2018,1.238,1.233,1.2395,1.2325,0.004
13/04/2018,1.2331,1.2327,1.2348,1.2307,0.0003
12/04/2018,1.2327,1.2368,1.2382,1.23,-0.0032
11/04/2018,1.2367,1.2357,1.2397,1.2347,0.0009
10/04/2018,1.2356,1.232,1.2379,1.2303,0.0028
09/04/2018,1.2321,1.2279,1.2331,1.2261,0.0031
06/04/2018,1.2283,1.224,1.2292,1.2214,0.0035
05/04/2018,1.224,1.2278,1.2292,1.2218,-0.0031
04/04/2018,1.2278,1.2269,1.2315,1.2256,0.0007
03/04/2018,1.227,1.2304,1.2336,1.2253,-0.0026
02/04/2018,1.2302,1.2323,1.2346,1.2282,-0.0017
30/03/2018,1.2323,1.2301,1.2331,1.2293,0.0017
29/03/2018,1.2302,1.2308,1.2335,1.2282,-0.0005
28/03/2018,1.2308,1.2403,1.2424,1.23,-0.0077
27/03/2018,1.2403,1.2444,1.2478,1.2373,-0.0032
26/03/2018,1.2443,1.2348,1.2463,1.2341,0.0073
23/03/2018,1.2353,1.2302,1.2375,1.2301,0.0041
22/03/2018,1.2302,1.2337,1.2389,1.2285,-0.0029
21/03/2018,1.2338,1.2242,1.2351,1.2241,0.0078
20/03/2018,1.2242,1.2335,1.2356,1.2239,-0.0075
19/03/2018,1.2335,1.2284,1.2361,1.2258,0.0037
16/03/2018,1.2289,1.2305,1.2338,1.2261,-0.0013
15/03/2018,1.2305,1.2366,1.2385,1.2299,-0.005
14/03/2018,1.2367,1.239,1.2414,1.2347,-0.0019
13/03/2018,1.239,1.2334,1.2408,1.2314,0.0045
12/03/2018,1.2334,1.2311,1.2347,1.2291,0.0022
09/03/2018,1.2307,1.2312,1.2336,1.2273,-0.0004
08/03/2018,1.2312,1.2411,1.2448,1.2298,-0.0081
07/03/2018,1.2413,1.2404,1.2445,1.2385,0.0007
06/03/2018,1.2404,1.2336,1.2422,1.2328,0.0055
05/03/2018,1.2336,1.2323,1.2366,1.2268,0.0015
02/03/2018,1.2317,1.2266,1.2336,1.225,0.004
01/03/2018,1.2268,1.2193,1.2272,1.2153,0.0061
28/02/2018,1.2194,1.2232,1.2243,1.2188,-0.0031
27/02/2018,1.2232,1.2317,1.2348,1.2221,-0.007
26/02/2018,1.2318,1.2299,1.2356,1.2278,0.002
23/02/2018,1.2293,1.2329,1.2337,1.2279,-0.0031
22/02/2018,1.2331,1.2283,1.2354,1.226,0.0038
21/02/2018,1.2284,1.2338,1.2361,1.2281,-0.0044
20/02/2018,1.2338,1.2409,1.2414,1.232,-0.0056
19/02/2018,1.2408,1.2409,1.2435,1.2368,0.0002
16/02/2018,1.2406,1.2506,1.2557,1.2394,-0.008
15/02/2018,1.2506,1.2449,1.2511,1.2447,0.0045
14/02/2018,1.245,1.2352,1.2467,1.2276,0.0079
13/02/2018,1.2352,1.2293,1.2373,1.2285,0.0049
12/02/2018,1.2292,1.2253,1.2298,1.2234,0.0047
09/02/2018,1.2235,1.2245,1.2289,1.2206,-0.001
08/02/2018,1.2247,1.2264,1.2297,1.2212,-0.0014
07/02/2018,1.2264,1.2378,1.2407,1.2247,-0.0091
06/02/2018,1.2377,1.2367,1.2434,1.2314,0.0007
05/02/2018,1.2368,1.2455,1.2475,1.2362,-0.0075
02/02/2018,1.2462,1.2508,1.2519,1.2409,-0.0038
01/02/2018,1.251,1.2414,1.2524,1.2386,0.0072
31/01/2018,1.2421,1.2401,1.2476,1.2386,0.0015
30/01/2018,1.2402,1.2383,1.2455,1.2335,0.0015
29/01/2018,1.2383,1.2427,1.2436,1.2336,-0.0031
26/01/2018,1.2421,1.2395,1.2495,1.2371,0.002
25/01/2018,1.2396,1.2408,1.2537,1.2364,-0.001
24/01/2018,1.2408,1.2299,1.2417,1.2293,0.0089
23/01/2018,1.2299,1.2263,1.2308,1.2223,0.003
22/01/2018,1.2262,1.2268,1.2276,1.2214,0.0033
19/01/2018,1.2222,1.2236,1.2296,1.2219,-0.0014
18/01/2018,1.2239,1.2186,1.2267,1.2165,0.0043
17/01/2018,1.2186,1.226,1.2324,1.2176,-0.0061
16/01/2018,1.2261,1.2265,1.2284,1.2194,-0.0002
15/01/2018,1.2263,1.2198,1.2298,1.2188,0.0062
12/01/2018,1.2187,1.2033,1.219,1.2031,0.0129
11/01/2018,1.2032,1.1946,1.206,1.1928,0.0071
10/01/2018,1.1947,1.1938,1.2019,1.1923,0.0008
09/01/2018,1.1937,1.1967,1.1977,1.1916,-0.0025
08/01/2018,1.1967,1.2029,1.2054,1.1956,-0.0052
05/01/2018,1.203,1.2068,1.2085,1.2021,-0.0031
04/01/2018,1.2068,1.2015,1.209,1.2004,0.0045
03/01/2018,1.2014,1.2058,1.207,1.2001,-0.0037
02/01/2018,1.2059,1.2013,1.2084,1.2003,0.0041
01/01/2018,1.201,1.2003,1.2014,1.1995,0.001
29/12/2017,1.1998,1.1943,1.203,1.1937,0.0046
28/12/2017,1.1943,1.1888,1.1961,1.1888,0.0046
27/12/2017,1.1888,1.1859,1.1912,1.1855,0.0024
26/12/2017,1.1859,1.1867,1.1879,1.1845,-0.0008
25/12/2017,1.1869,1.185,1.1882,1.1842,0.0008
22/12/2017,1.1859,1.1874,1.1878,1.1817,-0.0012
21/12/2017,1.1873,1.1871,1.1889,1.1848,0.0002
20/12/2017,1.1871,1.184,1.1903,1.1829,0.0026
19/12/2017,1.184,1.1782,1.1851,1.1777,0.0049
18/12/2017,1.1782,1.1753,1.1834,1.1737,0.0024
15/12/2017,1.1754,1.1778,1.1814,1.1751,-0.002
14/12/2017,1.1778,1.1826,1.1863,1.177,-0.0041
13/12/2017,1.1826,1.1743,1.1832,1.1729,0.0072
12/12/2017,1.1742,1.177,1.1794,1.1718,-0.0022
11/12/2017,1.1768,1.1768,1.1812,1.1761,0.0003
08/12/2017,1.1764,1.1772,1.1778,1.1729,-0.0008
07/12/2017,1.1773,1.1796,1.1816,1.1772,-0.0019
06/12/2017,1.1796,1.1825,1.1849,1.178,-0.0025
05/12/2017,1.1826,1.1866,1.1879,1.1801,-0.0034
04/12/2017,1.1866,1.1882,1.189,1.183,-0.0021
01/12/2017,1.1891,1.1904,1.1942,1.1851,-0.0011
30/11/2017,1.1904,1.1847,1.1933,1.1809,0.0047
29/11/2017,1.1848,1.1841,1.1883,1.1816,0.0006
28/11/2017,1.1841,1.1898,1.1921,1.1827,-0.0048
27/11/2017,1.1898,1.1933,1.1962,1.1896,-0.0027
24/11/2017,1.193,1.185,1.1944,1.1835,0.0066
23/11/2017,1.1852,1.1822,1.1856,1.1812,0.0025
22/11/2017,1.1822,1.1738,1.1829,1.1733,0.0072
21/11/2017,1.1738,1.1732,1.1759,1.1713,0.0005
20/11/2017,1.1732,1.1789,1.1808,1.1721,-0.0053
17/11/2017,1.1795,1.1771,1.1823,1.1766,0.0021
16/11/2017,1.177,1.1792,1.1802,1.1756,-0.0019
15/11/2017,1.1792,1.1797,1.1861,1.1784,-0.0005
14/11/2017,1.1798,1.1667,1.1807,1.166,0.0112
13/11/2017,1.1667,1.1666,1.1677,1.1638,0.0002
10/11/2017,1.1665,1.1642,1.168,1.1623,0.002
09/11/2017,1.1642,1.1596,1.1657,1.1586,0.0041
08/11/2017,1.1595,1.1587,1.1612,1.1578,0.0007
07/11/2017,1.1587,1.161,1.1618,1.1553,-0.002
06/11/2017,1.161,1.1609,1.1625,1.1579,0.0001
03/11/2017,1.1609,1.166,1.1692,1.1599,-0.0042
02/11/2017,1.1658,1.1619,1.1689,1.1613,0.0034
01/11/2017,1.1619,1.1646,1.1659,1.1607,-0.0023
31/10/2017,1.1646,1.1651,1.1663,1.1625,-0.0004
30/10/2017,1.1651,1.1603,1.166,1.1594,0.0035
27/10/2017,1.161,1.165,1.1659,1.1575,-0.0034
26/10/2017,1.165,1.1812,1.1837,1.1639,-0.0138
25/10/2017,1.1813,1.176,1.1819,1.1752,0.0044
24/10/2017,1.1761,1.1749,1.1794,1.1743,0.001
23/10/2017,1.1749,1.1773,1.1779,1.1725,-0.0031
20/10/2017,1.1785,1.1853,1.1859,1.1763,-0.0057
19/10/2017,1.1852,1.1788,1.186,1.1768,0.0055
18/10/2017,1.1787,1.1764,1.1806,1.173,0.0018
17/10/2017,1.1766,1.1797,1.1801,1.1734,-0.0026
16/10/2017,1.1797,1.1825,1.1827,1.178,-0.0022
13/10/2017,1.1823,1.1829,1.1875,1.1804,-0.0007
12/10/2017,1.1831,1.1862,1.1881,1.1827,-0.0024
11/10/2017,1.1859,1.1808,1.1871,1.1795,0.0045
10/10/2017,1.1806,1.1738,1.1825,1.1738,0.0056
09/10/2017,1.174,1.1728,1.1757,1.1717,0.0005
06/10/2017,1.1734,1.171,1.1739,1.1668,0.002
05/10/2017,1.1711,1.1758,1.178,1.1698,-0.0041
04/10/2017,1.1759,1.1742,1.1789,1.1734,0.0013
03/10/2017,1.1744,1.1733,1.1775,1.1696,0.001
02/10/2017,1.1732,1.1818,1.1818,1.173,-0.0069
29/09/2017,1.1814,1.1787,1.1834,1.1773,0.0024
28/09/2017,1.1786,1.1746,1.1805,1.1721,0.0036
27/09/2017,1.1744,1.1793,1.1797,1.1717,-0.0042
26/09/2017,1.1793,1.1848,1.1863,1.1758,-0.0046
25/09/2017,1.1848,1.1953,1.1962,1.1833,-0.0089
22/09/2017,1.1954,1.1942,1.2006,1.1937,0.0011
21/09/2017,1.1941,1.1894,1.1955,1.1866,0.004
20/09/2017,1.1893,1.1994,1.2033,1.1862,-0.0084
19/09/2017,1.1994,1.1955,1.2008,1.195,0.0033
18/09/2017,1.1954,1.1949,1.1971,1.1915,0.0009
15/09/2017,1.1943,1.1919,1.1988,1.1901,0.002
14/09/2017,1.1919,1.1884,1.1922,1.1837,0.0028
13/09/2017,1.1886,1.1968,1.1996,1.1873,-0.0068
12/09/2017,1.1967,1.1953,1.198,1.1926,0.0012
11/09/2017,1.1953,1.2041,1.2041,1.1948,-0.0068
08/09/2017,1.2035,1.2024,1.2094,1.2016,0.001
07/09/2017,1.2023,1.1917,1.2061,1.1914,0.0089
06/09/2017,1.1917,1.1914,1.1951,1.1903,0.0003
05/09/2017,1.1914,1.1896,1.1941,1.1868,0.0015
04/09/2017,1.1896,1.1858,1.1923,1.1853,0.0031
01/09/2017,1.1859,1.1911,1.1981,1.185,-0.0043
31/08/2017,1.191,1.1884,1.1914,1.1823,0.0023
30/08/2017,1.1883,1.1974,1.1986,1.1881,-0.0074
29/08/2017,1.1972,1.1978,1.2069,1.1944,-0.0006
28/08/2017,1.1979,1.1926,1.1985,1.1917,0.0044
25/08/2017,1.1926,1.1799,1.1942,1.1773,0.0108
24/08/2017,1.1799,1.1807,1.1821,1.1784,-0.0008
23/08/2017,1.1808,1.1763,1.1825,1.174,0.0039
22/08/2017,1.1762,1.1815,1.1826,1.1745,-0.0046
21/08/2017,1.1816,1.175,1.183,1.1731,0.0046
18/08/2017,1.1762,1.1723,1.1775,1.1707,0.0032
17/08/2017,1.1724,1.1767,1.179,1.1662,-0.0039
16/08/2017,1.177,1.1734,1.178,1.1682,0.003
15/08/2017,1.1735,1.178,1.1794,1.1688,-0.0038
14/08/2017,1.178,1.1806,1.184,1.177,-0.0034
11/08/2017,1.182,1.1772,1.1846,1.1747,0.0041
10/08/2017,1.1772,1.1759,1.1786,1.1704,0.0011
09/08/2017,1.1759,1.1752,1.1765,1.1689,0.0008
08/08/2017,1.175,1.1794,1.1825,1.1714,-0.0038
07/08/2017,1.1795,1.1768,1.1816,1.1768,0.002
04/08/2017,1.1772,1.1871,1.1893,1.1731,-0.0083
03/08/2017,1.187,1.1856,1.1894,1.1831,0.0012
02/08/2017,1.1856,1.1802,1.1911,1.1794,0.0047
01/08/2017,1.1801,1.1841,1.1846,1.1784,-0.0035
31/07/2017,1.1842,1.1737,1.1847,1.1723,0.0077
28/07/2017,1.1752,1.1677,1.1765,1.1671,0.0064
27/07/2017,1.1677,1.1734,1.1777,1.1649,-0.0049
26/07/2017,1.1734,1.1648,1.1741,1.1613,0.007
25/07/2017,1.1652,1.1639,1.1713,1.1631,0.0009
24/07/2017,1.1642,1.1662,1.1688,1.1628,-0.0018
21/07/2017,1.1663,1.1634,1.1684,1.162,0.0028
20/07/2017,1.1631,1.1513,1.1657,1.1479,0.0101
19/07/2017,1.1515,1.1553,1.1559,1.1509,-0.0035
18/07/2017,1.1555,1.1479,1.1585,1.1473,0.0066
17/07/2017,1.1479,1.1463,1.1488,1.1433,0.0009
14/07/2017,1.1469,1.14,1.1473,1.1392,0.0061
13/07/2017,1.1399,1.1413,1.1459,1.1373,-0.0011
12/07/2017,1.1412,1.1467,1.1491,1.1392,-0.0048
11/07/2017,1.1467,1.1399,1.1481,1.1383,0.0059
10/07/2017,1.14,1.1391,1.1418,1.1381,-0.0001
07/07/2017,1.1401,1.1423,1.144,1.1379,-0.0019
06/07/2017,1.1423,1.1351,1.1425,1.1329,0.0062
05/07/2017,1.1353,1.1345,1.1369,1.1312,0.0007
04/07/2017,1.1345,1.1366,1.138,1.1338,-0.0017
03/07/2017,1.1364,1.1422,1.1431,1.1357,-0.0054
30/06/2017,1.1426,1.1442,1.1448,1.1393,-0.0013
29/06/2017,1.1441,1.1376,1.1446,1.1373,0.0055
28/06/2017,1.1378,1.1339,1.1392,1.1292,0.0034
27/06/2017,1.1339,1.1183,1.1351,1.1178,0.014
26/06/2017,1.1182,1.1202,1.1222,1.1173,-0.0011
23/06/2017,1.1194,1.1152,1.1211,1.1145,0.0037
22/06/2017,1.1153,1.1168,1.1179,1.114,-0.0013
21/06/2017,1.1168,1.1133,1.1171,1.1128,0.0031
20/06/2017,1.1134,1.1147,1.1166,1.1117,-0.0013
19/06/2017,1.1149,1.1199,1.1214,1.1141,-0.0043
16/06/2017,1.1197,1.1143,1.1202,1.1138,0.0047
15/06/2017,1.1145,1.1219,1.1231,1.1132,-0.0065
14/06/2017,1.1218,1.121,1.1296,1.1191,0.0002
13/06/2017,1.1216,1.1204,1.1225,1.1185,0.0012
12/06/2017,1.1203,1.1196,1.1235,1.1193,0.0007
09/06/2017,1.1195,1.1216,1.124,1.1168,-0.0017
08/06/2017,1.1214,1.1257,1.127,1.1195,-0.0038
07/06/2017,1.1257,1.1277,1.1284,1.1205,-0.0018
06/06/2017,1.1277,1.1254,1.1286,1.124,0.002
05/06/2017,1.1254,1.1279,1.1286,1.1235,-0.0025
02/06/2017,1.1282,1.1213,1.1287,1.1205,0.0062
01/06/2017,1.1213,1.1242,1.1258,1.1203,-0.0028
31/05/2017,1.1244,1.1187,1.1254,1.1166,0.0053
30/05/2017,1.1185,1.1166,1.1208,1.1111,0.0017
29/05/2017,1.1166,1.1178,1.1191,1.116,-0.0015
26/05/2017,1.1183,1.1211,1.1235,1.1159,-0.0024
25/05/2017,1.121,1.1218,1.1252,1.1193,-0.0008
24/05/2017,1.1219,1.1184,1.1222,1.1169,0.0032
23/05/2017,1.1183,1.1237,1.1269,1.1174,-0.0049
22/05/2017,1.1238,1.1202,1.1265,1.1162,0.0028
19/05/2017,1.1207,1.1103,1.1214,1.1097,0.0094
18/05/2017,1.1103,1.116,1.1173,1.1075,-0.005
17/05/2017,1.1159,1.1083,1.1163,1.1079,0.0069
16/05/2017,1.1082,1.0976,1.1098,1.0972,0.0097
15/05/2017,1.0975,1.0926,1.0991,1.0922,0.004
12/05/2017,1.0931,1.0863,1.0937,1.0857,0.0064
11/05/2017,1.0861,1.0869,1.0894,1.0838,-0.0006
10/05/2017,1.0868,1.0874,1.09,1.0853,-0.0005
09/05/2017,1.0873,1.0924,1.0934,1.0863,-0.0047
08/05/2017,1.0924,1.0998,1.1024,1.0917,-0.0067
05/05/2017,1.0998,1.0991,1.1003,1.0951,0.0012
04/05/2017,1.0985,1.0884,1.0987,1.0873,0.0092
03/05/2017,1.0885,1.093,1.0939,1.0883,-0.0041
02/05/2017,1.093,1.0901,1.0936,1.0889,0.0028
01/05/2017,1.0899,1.0906,1.0924,1.0883,0.0002
28/04/2017,1.0897,1.0877,1.0949,1.0857,0.0022
27/04/2017,1.0873,1.0903,1.0933,1.0851,-0.0028
26/04/2017,1.0903,1.0924,1.0951,1.0856,-0.0021
25/04/2017,1.0926,1.0868,1.0951,1.0851,0.0054
24/04/2017,1.0867,1.089,1.0936,1.0819,0.013
21/04/2017,1.0728,1.0719,1.0739,1.0682,0.001
20/04/2017,1.0717,1.0711,1.078,1.0709,0.0006
19/04/2017,1.0711,1.073,1.0738,1.07,-0.0021
18/04/2017,1.0734,1.0644,1.0737,1.0636,0.0085
17/04/2017,1.0644,1.0615,1.0673,1.0604,0.003
14/04/2017,1.0612,1.0615,1.0633,1.0606,-0.0002
13/04/2017,1.0614,1.0664,1.0679,1.0609,-0.0049
12/04/2017,1.0666,1.0606,1.0677,1.0589,0.006
11/04/2017,1.0602,1.0595,1.0631,1.0577,0.0006
10/04/2017,1.0596,1.0593,1.0609,1.0571,0.0006
07/04/2017,1.059,1.0644,1.0668,1.058,-0.0051
06/04/2017,1.0644,1.0663,1.0686,1.0629,-0.0018
05/04/2017,1.0663,1.0672,1.069,1.0633,-0.0009
04/04/2017,1.0673,1.0669,1.0678,1.0635,0.0002
03/04/2017,1.0671,1.0661,1.0684,1.0644,0.0018
31/03/2017,1.0652,1.0675,1.0705,1.0652,-0.0022
30/03/2017,1.0675,1.0766,1.0772,1.0671,-0.0085
29/03/2017,1.0767,1.0811,1.0827,1.0739,-0.0043
28/03/2017,1.0813,1.0864,1.0873,1.0797,-0.0048
27/03/2017,1.0865,1.0797,1.0905,1.0795,0.0061
24/03/2017,1.0799,1.0784,1.082,1.0761,0.0015
23/03/2017,1.0783,1.0797,1.0807,1.0769,-0.0013
22/03/2017,1.0797,1.081,1.0827,1.0776,-0.0013
21/03/2017,1.0811,1.074,1.0822,1.072,0.0067
20/03/2017,1.0739,1.074,1.0779,1.0725,0.0001
17/03/2017,1.0738,1.0765,1.0784,1.0728,-0.0026
16/03/2017,1.0766,1.0734,1.0772,1.0706,0.0029
15/03/2017,1.0735,1.0605,1.0743,1.0604,0.0124
14/03/2017,1.0604,1.0655,1.0664,1.0599,-0.0047
13/03/2017,1.0654,1.0671,1.0715,1.065,-0.0017
10/03/2017,1.0672,1.0577,1.0702,1.0572,0.009
09/03/2017,1.0577,1.0541,1.0617,1.0525,0.0034
08/03/2017,1.0541,1.0566,1.0576,1.0535,-0.0024
07/03/2017,1.0566,1.0583,1.0603,1.0557,-0.0014
06/03/2017,1.0581,1.0617,1.0644,1.0575,-0.004
03/03/2017,1.0623,1.0508,1.0626,1.0502,0.011
02/03/2017,1.0507,1.0547,1.0551,1.0492,-0.0038
01/03/2017,1.0547,1.0574,1.0589,1.0514,-0.0028
28/02/2017,1.0577,1.0587,1.0632,1.057,-0.0009
27/02/2017,1.0587,1.0562,1.0633,1.0551,0.0023
24/02/2017,1.0563,1.0583,1.062,1.0557,-0.0017
23/02/2017,1.0581,1.0558,1.0598,1.0539,0.0024
22/02/2017,1.0556,1.0534,1.0574,1.0493,0.0018
21/02/2017,1.0537,1.0611,1.0618,1.0526,-0.0073
20/02/2017,1.0614,1.0618,1.0637,1.0606,0
17/02/2017,1.0614,1.0675,1.0679,1.0605,-0.0056
16/02/2017,1.0674,1.06,1.0682,1.0588,0.0069
15/02/2017,1.0601,1.0577,1.0611,1.0523,0.0023
14/02/2017,1.0577,1.0596,1.0633,1.056,-0.002
13/02/2017,1.0598,1.0633,1.0659,1.0591,-0.004
10/02/2017,1.0641,1.0658,1.067,1.0609,-0.0014
09/02/2017,1.0656,1.0699,1.0711,1.065,-0.004
08/02/2017,1.0699,1.0682,1.0715,1.064,0.0017
07/02/2017,1.0681,1.075,1.0751,1.0654,-0.0064
06/02/2017,1.075,1.0781,1.0801,1.0703,-0.0032
03/02/2017,1.0784,1.0759,1.08,1.0714,0.0024
02/02/2017,1.0758,1.0766,1.0829,1.0753,-0.001
01/02/2017,1.0769,1.0798,1.081,1.0731,-0.0027
31/01/2017,1.0798,1.0695,1.0814,1.0684,0.0096
30/01/2017,1.0695,1.0692,1.0743,1.062,-0.0004
27/01/2017,1.0699,1.0685,1.0729,1.0661,0.0016
26/01/2017,1.0682,1.0746,1.0767,1.0657,-0.0061
25/01/2017,1.0748,1.0734,1.0773,1.0713,0.0016
24/01/2017,1.0731,1.0763,1.0775,1.0718,-0.0032
23/01/2017,1.0765,1.0687,1.0773,1.0686,0.0058
20/01/2017,1.0703,1.0667,1.0713,1.0627,0.0037
19/01/2017,1.0664,1.0629,1.0677,1.0588,0.0031
18/01/2017,1.0631,1.0713,1.0715,1.0625,-0.0077
17/01/2017,1.0713,1.06,1.072,1.0595,0.0104
16/01/2017,1.0603,1.0618,1.0638,1.058,-0.0039
13/01/2017,1.0644,1.0612,1.0674,1.0598,0.0029
12/01/2017,1.0613,1.0583,1.0687,1.0573,0.0029
11/01/2017,1.0582,1.0556,1.0624,1.0454,0.0027
10/01/2017,1.0554,1.0573,1.0628,1.0551,-0.0019
09/01/2017,1.0574,1.0539,1.0584,1.051,0.0039
06/01/2017,1.0533,1.0606,1.0624,1.0523,-0.007
05/01/2017,1.0607,1.0493,1.0619,1.0482,0.0113
04/01/2017,1.0488,1.0405,1.0501,1.0389,0.0079
03/01/2017,1.0406,1.0455,1.0492,1.0341,-0.0051
02/01/2017,1.0459,1.0532,1.0534,1.0448,-0.0054
30/12/2016,1.0516,1.0492,1.0654,1.0482,0.0023
29/12/2016,1.0492,1.0417,1.0494,1.0406,0.0077
28/12/2016,1.0412,1.0459,1.0484,1.0373,-0.0043
27/12/2016,1.0457,1.0453,1.0465,1.0431,0.0001
26/12/2016,1.0456,1.0454,1.0473,1.0439,-0.0001
23/12/2016,1.0457,1.0438,1.0469,1.0427,0.0019
22/12/2016,1.0437,1.0423,1.0501,1.0421,0.0012
21/12/2016,1.0425,1.0389,1.0452,1.0381,0.0037
20/12/2016,1.0387,1.0405,1.0419,1.0352,-0.0014
19/12/2016,1.0402,1.0442,1.048,1.0391,-0.0047
16/12/2016,1.0451,1.0419,1.0477,1.0402,0.0036
15/12/2016,1.0414,1.0536,1.0544,1.0366,-0.0117
14/12/2016,1.0537,1.0627,1.0671,1.0495,-0.0085
13/12/2016,1.0627,1.0635,1.0668,1.0603,-0.0008
12/12/2016,1.0635,1.0551,1.0652,1.0524,0.0069
09/12/2016,1.0562,1.0618,1.0632,1.0531,-0.005
08/12/2016,1.0615,1.0753,1.0873,1.0596,-0.0128
07/12/2016,1.0753,1.0721,1.077,1.0709,0.0032
06/12/2016,1.0719,1.0764,1.0787,1.0698,-0.0042
05/12/2016,1.0764,1.0674,1.0798,1.0505,0.0085
02/12/2016,1.0673,1.0663,1.0692,1.0625,0.001
01/12/2016,1.0662,1.059,1.067,1.0584,0.007
30/11/2016,1.0588,1.0649,1.0669,1.0554,-0.0058
29/11/2016,1.065,1.0615,1.0657,1.0565,0.0033
28/11/2016,1.0615,1.0595,1.0686,1.0563,0.0026
25/11/2016,1.0587,1.0551,1.0631,1.0538,0.0031
24/11/2016,1.0554,1.0554,1.0587,1.0517,-0.0006
23/11/2016,1.056,1.0629,1.0646,1.0526,-0.0062
22/11/2016,1.0626,1.0627,1.066,1.0583,-0.0003
21/11/2016,1.0629,1.0583,1.0652,1.0579,0.0039
18/11/2016,1.0588,1.0625,1.0645,1.057,-0.0036
17/11/2016,1.0626,1.069,1.0746,1.0617,-0.006
16/11/2016,1.069,1.0724,1.0764,1.0667,-0.003
15/11/2016,1.0722,1.0736,1.0817,1.0711,-0.0014
14/11/2016,1.0737,1.085,1.0852,1.0709,-0.011
11/11/2016,1.0856,1.0897,1.0929,1.0833,-0.0034
10/11/2016,1.0893,1.0911,1.0958,1.0866,-0.0015
09/11/2016,1.0909,1.1023,1.13,1.0903,-0.0106
08/11/2016,1.1026,1.1042,1.107,1.1008,-0.0013
07/11/2016,1.104,1.1137,1.1139,1.1029,-0.0088
04/11/2016,1.1138,1.1105,1.1146,1.108,0.003
03/11/2016,1.1105,1.1098,1.1128,1.1059,0.0007
02/11/2016,1.1097,1.1056,1.1126,1.1051,0.0037
01/11/2016,1.1056,1.0981,1.1071,1.0958,0.0068
31/10/2016,1.0981,1.0986,1.0994,1.0936,-0.0005
28/10/2016,1.0987,1.0899,1.0995,1.0893,0.0083
27/10/2016,1.0897,1.0909,1.0945,1.0884,-0.0011
26/10/2016,1.0909,1.0889,1.0947,1.0872,0.0019
25/10/2016,1.0888,1.0882,1.0906,1.085,0.0005
24/10/2016,1.0883,1.0879,1.0903,1.0861,-0.0001
21/10/2016,1.0884,1.0929,1.0933,1.0859,-0.0042
20/10/2016,1.093,1.0974,1.1041,1.0916,-0.004
19/10/2016,1.0974,1.0981,1.1006,1.0955,-0.0006
18/10/2016,1.0981,1.1,1.1029,1.097,-0.0016
17/10/2016,1.0999,1.0975,1.1011,1.0965,0.0026
14/10/2016,1.0971,1.1056,1.1062,1.0968,-0.0077
13/10/2016,1.1056,1.1004,1.1058,1.0983,0.0044
12/10/2016,1.1008,1.1053,1.1072,1.1003,-0.0042
11/10/2016,1.1054,1.1136,1.1144,1.1047,-0.0075
10/10/2016,1.1138,1.1196,1.1202,1.1128,-0.0056
07/10/2016,1.1201,1.1151,1.1207,1.1103,0.0045
06/10/2016,1.1151,1.1205,1.1214,1.1139,-0.0049
05/10/2016,1.1206,1.1206,1.1237,1.1191,0.0002
04/10/2016,1.1204,1.121,1.124,1.1138,-0.0006
03/10/2016,1.1211,1.1235,1.1245,1.1205,-0.0027
30/09/2016,1.1241,1.1225,1.1253,1.1153,0.0016
29/09/2016,1.1223,1.1217,1.1251,1.1197,0.0006
28/09/2016,1.1216,1.1214,1.1238,1.1181,0.0001
27/09/2016,1.1215,1.1253,1.1262,1.119,-0.0035
26/09/2016,1.1254,1.1221,1.1279,1.122,0.0025
23/09/2016,1.1226,1.1209,1.1244,1.1195,0.0016
22/09/2016,1.1208,1.1193,1.1258,1.1181,0.0017
21/09/2016,1.1189,1.1152,1.12,1.1123,0.003
20/09/2016,1.1155,1.1178,1.1216,1.1147,-0.0017
19/09/2016,1.1174,1.1161,1.1198,1.1147,0.0017
16/09/2016,1.1155,1.1244,1.1256,1.1147,-0.0079
15/09/2016,1.1244,1.1249,1.1286,1.122,-0.0005
14/09/2016,1.125,1.1216,1.1274,1.1208,0.0027
13/09/2016,1.122,1.1236,1.1262,1.1203,-0.0012
12/09/2016,1.1234,1.1232,1.1269,1.1211,0.0001
09/09/2016,1.1233,1.1262,1.1288,1.12,-0.0025
08/09/2016,1.1261,1.124,1.1329,1.1234,0.002
07/09/2016,1.1239,1.1255,1.1271,1.1228,-0.0015
06/09/2016,1.1256,1.1147,1.1267,1.114,0.0098
05/09/2016,1.1147,1.1153,1.1185,1.114,-0.0008
02/09/2016,1.1156,1.1197,1.1254,1.1151,-0.0038
01/09/2016,1.1198,1.1157,1.1207,1.1128,0.0036
